{
  "name": "Excoincial Chain Volta-Testnet",
  "chain": "TEXL",
  "icon": "exl",
  "rpc": ["https://testnet-rpc.exlscan.com"],
  "faucets": ["https://faucet.exlscan.com"],
  "nativeCurrency": {
    "name": "TExlcoin",
    "symbol": "TEXL",
    "decimals": 18
  },
  "infoURL": "",
  "shortName": "exlvolta",
  "chainId": 27082017,
  "networkId": 27082017,
  "explorers": [
    {
      "name": "exlscan",
      "url": "https://testnet-explorer.exlscan.com",
      "icon": "exl",
      "standard": "EIP3091"
    }
  ]
}
