{
  "name": "Phoenix Mainnet",
  "chain": "Phoenix",
  "rpc": ["https://rpc.phoenixplorer.com/"],
  "faucets": [],
  "nativeCurrency": {
    "name": "Phoenix",
    "symbol": "PHX",
    "decimals": 18
  },
  "infoURL": "https://cryptophoenix.org/phoenix",
  "shortName": "Phoenix",
  "chainId": 13381,
  "networkId": 13381,
  "icon": "phoenix",
  "explorers": [
    {
      "name": "phoenixplorer",
      "url": "https://phoenixplorer.com",
      "icon": "phoenixplorer",
      "standard": "EIP3091"
    }
  ]
}
