{
  "name": "Fantom Testnet",
  "chain": "FTM",
  "rpc": ["https://rpc.testnet.fantom.network"],
  "faucets": ["https://faucet.fantom.network"],
  "nativeCurrency": {
    "name": "Fantom",
    "symbol": "FTM",
    "decimals": 18
  },

  "infoURL": "https://docs.fantom.foundation/quick-start/short-guide#fantom-testnet",
  "shortName": "tftm",
  "chainId": 4002,
  "networkId": 4002,
  "icon": "fantom",
  "explorers": [
    {
      "name": "ftmscan",
      "url": "https://testnet.ftmscan.com",
      "icon": "ftmscan",
      "standard": "EIP3091"
    }
  ]
}
