{
  "name": "Rangers Protocol Mainnet",
  "chain": "Rangers",
  "icon": "rangers",
  "rpc": ["https://mainnet.rangersprotocol.com/api/jsonrpc"],
  "faucets": [],
  "nativeCurrency": {
    "name": "Rangers Protocol Gas",
    "symbol": "RPG",
    "decimals": 18
  },
  "infoURL": "https://rangersprotocol.com",
  "shortName": "rpg",
  "chainId": 2025,
  "networkId": 2025,
  "slip44": 1008,
  "explorers": [
    {
      "name": "rangersscan",
      "url": "https://scan.rangersprotocol.com",
      "standard": "none"
    }
  ]
}
