{
  "name": "Tres Leches Mainnet",
  "chain": "TresLeches",
  "rpc": ["https://rpc.tresleches.finance/"],
  "faucets": [],
  "nativeCurrency": {
    "name": "Tres Leches",
    "symbol": "3Leches",
    "decimals": 18
  },
  "infoURL": "https://tresleches.finance",
  "shortName": "TresLeches",
  "chainId": 6066,
  "networkId": 6066,
  "icon": "tresleches",
  "explorers": [
    {
      "name": "treslechesexplorer",
      "url": "https://explorer.tresleches.finance",
      "icon": "treslechesexplorer",
      "standard": "EIP3091"
    }
  ]
}