{
  "name": "Bittex Mainnet",
  "chain": "BTX",
  "rpc": ["https://rpc1.bittexscan.info", "https://rpc2.bittexscan.info"],
  "faucets": [],
  "nativeCurrency": {
    "name": "Bittex",
    "symbol": "BTX",
    "decimals": 18
  },
  "infoURL": "https://bittexscan.com",
  "shortName": "btx",
  "chainId": 3690,
  "networkId": 3690,
  "icon": "ethereum",
  "explorers": [
    {
      "name": "bittexscan",
      "url": "https://bittexscan.com",
      "icon": "etherscan",
      "standard": "EIP3091"
    }
  ]
}
