{
  "name": "Godwoken Testnet (V1)",
  "chain": "GWT",
  "rpc": ["https://godwoken-testnet-web3-v1-rpc.ckbapp.dev"],
  "faucets": ["https://homura.github.io/light-godwoken"],
  "nativeCurrency": {
    "name": "CKB",
    "symbol": "CKB",
    "decimals": 8
  },
  "infoURL": "https://www.nervos.org",
  "shortName": "gw-testnet-v1-deprecated",
  "chainId": 868455272153094,
  "networkId": 868455272153094,
  "status": "deprecated",
  "explorers": [
    {
      "name": "GWScan Block Explorer",
      "url": "https://v1.aggron.gwscan.com",
      "standard": "none"
    }
  ]
}
