{
  "name": "Arbitrum Nova",
  "chainId": 42170,
  "shortName": "arb-nova",
  "chain": "ETH",
  "networkId": 42170,
  "nativeCurrency": {
    "name": "Ether",
    "symbol": "ETH",
    "decimals": 18
  },
  "rpc": ["https://nova.arbitrum.io/rpc"],
  "faucets": [],
  "explorers": [
    {
      "name": "Arbitrum Nova Chain Explorer",
      "url": "https://nova-explorer.arbitrum.io",
      "icon": "blockscout",
      "standard": "EIP3091"
    }
  ],
  "infoURL": "https://arbitrum.io",
  "parent": {
    "type": "L2",
    "chain": "eip155-1",
    "bridges": [{ "url": "https://bridge.arbitrum.io" }]
  }
}
