{
  "name": "Posichain Mainnet Shard 0",
  "chain": "PSC",
  "rpc": ["https://api.posichain.org", "https://api.s0.posichain.org"],
  "faucets": ["https://faucet.posichain.org/"],
  "nativeCurrency": {
    "name": "Posichain Native Token",
    "symbol": "POSI",
    "decimals": 18
  },
  "infoURL": "https://posichain.org",
  "shortName": "psc-s0",
  "chainId": 900000,
  "networkId": 900000,
  "icon": "posichain",
  "explorers": [
    {
      "name": "Posichain Explorer",
      "url": "https://explorer.posichain.org",
      "icon": "posichain",
      "standard": "EIP3091"
    }
  ]
}
